timestamp,step,case,selected,correct,gpt_feedback
2025-06-19 21:26:22.015652,Step 1,Case 1,3. Hypotonic hyponatremia,True,⚠️ GPT error: Incorrect API key provided: sk-proj-********************************************************************************************************************************************************cRsA. You can find your API key at https://platform.openai.com/account/api-keys.
2025-06-19 21:31:28.353784,Step 1,Case 1,1. Isotonic hyponatremia,False,⚠️ GPT error: Incorrect API key provided: sk-proj-********************************************************************************************************************************************************cRsA. You can find your API key at https://platform.openai.com/account/api-keys.
2025-06-19 21:36:41.970502,Step 1,Case 1,1. Isotonic hyponatremia,False,⚠️ GPT error: Incorrect API key provided: sk-proj-********************************************************************************************************************************************************cRsA. You can find your API key at https://platform.openai.com/account/api-keys.
2025-06-19 21:39:39.119669,Step 1,Case 1,1. Isotonic hyponatremia,False,⚠️ GPT error: Incorrect API key provided: sk-proj-********************************************************************************************************************************************************cRsA. You can find your API key at https://platform.openai.com/account/api-keys.
2025-06-19 21:41:43.236101,Step 1,Case 1,1. Isotonic hyponatremia,False,⚠️ GPT error: Incorrect API key provided: sk-proj-********************************************************************************************************************************************************cRsA. You can find your API key at https://platform.openai.com/account/api-keys.
2025-06-19 21:44:55.252279,Step 1,Case 1,1. Isotonic hyponatremia,False,⚠️ GPT error: Incorrect API key provided: sk-proj-********************************************************************************************************************************************************cRsA. You can find your API key at https://platform.openai.com/account/api-keys.
2025-06-19 21:45:05.382469,Step 2,Case 2,1. ADH is not active → suggestive of primary polydipsia or low solute intake,True,⚠️ GPT error: Incorrect API key provided: sk-proj-********************************************************************************************************************************************************cRsA. You can find your API key at https://platform.openai.com/account/api-keys.
2025-06-19 21:45:09.222683,Step 2,Case 2,3. Urine osmolality is not helpful here,False,⚠️ GPT error: Incorrect API key provided: sk-proj-********************************************************************************************************************************************************cRsA. You can find your API key at https://platform.openai.com/account/api-keys.
2025-06-19 21:45:57.798173,Step 1,Case 1,1. Isotonic hyponatremia,False,"⚠️ GPT error: No API key provided. You can set your API key in code using 'openai.api_key = <API-KEY>', or you can set the environment variable OPENAI_API_KEY=<API-KEY>). If your API key is stored in a file, you can point the openai module at it with 'openai.api_key_path = <PATH>'. You can generate API keys in the OpenAI web interface. See https://platform.openai.com/account/api-keys for details."
2025-06-19 21:47:52.291197,Step 1,Case 1,1. Isotonic hyponatremia,False,"⚠️ GPT error: No API key provided. You can set your API key in code using 'openai.api_key = <API-KEY>', or you can set the environment variable OPENAI_API_KEY=<API-KEY>). If your API key is stored in a file, you can point the openai module at it with 'openai.api_key_path = <PATH>'. You can generate API keys in the OpenAI web interface. See https://platform.openai.com/account/api-keys for details."
2025-06-19 21:48:52.913639,Step 1,Case 1,1. Isotonic hyponatremia,False,"Isotonic hyponatremia, also known as pseudohyponatremia, is a condition where the sodium concentration in the blood appears low, but in reality, it's normal. This condition is typically due to the elevated levels of lipids or proteins in the blood which interfere with the measurement of sodium concentration. The serum osmolality in such cases remains normal, typically between 275-295 mOsm/kg.

In the given case, the serum sodium is 120, which is lower than the normal range (135-145 mmol/L), indicating true hyponatremia, not isotonic hyponatremia. Also, the serum osmolality is 260, which is lower than the normal range, further confirming this is not isotonic hyponatremia.

2. Hypertonic hyponatremia

Hypertonic hyponatremia, also known as translocational hyponatremia, occurs when there are high levels of osmotically active substances in the blood, like glucose. This draws water from the cells into the bloodstream, diluting the sodium concentration. In this type of hyponatremia, serum osmolality is increased (>295 mOsm/kg).

In the given case, the serum osmolality is 260, which is lower than the normal range, indicating this is not hypertonic hyponatremia either.

So, based on the provided information, this case represents hypotonic hyponatremia, where both serum sodium and osmolality are low. However, further tests are needed to determine the exact cause of this hyponatremia."
2025-06-19 21:49:12.163352,Step 2,Case 2,1. ADH is not active → suggestive of primary polydipsia or low solute intake,True,"Antidiuretic hormone (ADH), also known as vasopressin, is a hormone that plays a crucial role in regulating the body's water balance by controlling the amount of water reabsorbed by the kidneys. 

When ADH is active, it signals the kidneys to reabsorb more water back into the bloodstream, reducing the amount of water excreted in the urine. This leads to concentrated urine with high osmolality (more solutes per volume of urine). 

On the other hand, when ADH is not active or its level is low, the kidneys reabsorb less water, leading to more water being excreted in the urine. This results in diluted urine with low osmolality. 

So, low urine osmolality suggests that ADH is not active because less water is being reabsorbed by the kidneys and more water is being expelled in the urine, decreasing the concentration of solutes in the urine."
2025-06-19 21:49:38.989023,Step 3,Case 3,1. Hypovolemia → low urine Na due to RAAS activation,True,"The patient's presentation indicates hypovolemia (low blood volume) due to several reasons:

1. Urine Sodium: The low urine sodium level (10 mEq/L) suggests that the kidneys are conserving sodium. This is a common response to low blood volume, as the body attempts to hold onto sodium to retain water and increase blood volume.

2. Orthostatic Hypotension: This is a form of low blood pressure that happens when you stand up from sitting or lying down. It indicates that there's not enough blood returning to the heart when changing positions. This can be a symptom of hypovolemia, as the reduced blood volume leads to decreased cardiac output and a subsequent drop in blood pressure.

3. Dry Mucous Membranes: This is a sign of dehydration, which can contribute to or be a result of hypovolemia. Dehydration reduces the amount of water in your body, leading to lower blood volume.

In summary, all these findings point towards the body's response to a lower-than-normal blood volume, or hypovolemia."
2025-06-19 21:53:45.352947,Step 1,Case 1,1. Isotonic hyponatremia,False,"Isotonic hyponatremia, also known as pseudohyponatremia, typically occurs when there is an increased concentration of lipids or proteins in the blood which displaces water leading to a decreased sodium concentration. However, the total body water and sodium content remain normal, which is why it is called 'pseudohyponatremia'. But this condition is associated with a normal serum osmolality, typically between 280-295 mOsm/kg. In this case, the serum osmolality is 260, which is lower than the normal range, suggesting true hyponatremia rather than isotonic or pseudohyponatremia. 

Hypertonic hyponatremia, on the other hand, occurs when there are osmotically active substances in the blood that pull water out of cells into the bloodstream, diluting the sodium. The most common cause is hyperglycemia (high blood sugar). In hypertonic hyponatremia, the serum osmolality is usually high, not low or normal.

In this case, the patient appears to have hypotonic hyponatremia, as evidenced by the low serum sodium and the low serum osmolality. Hypotonic hyponatremia is usually due to either renal water loss, extra renal water loss, or water retention. The specific cause would require further clinical evaluation and possibly further medical testing."
2025-06-19 21:54:00.394834,Step 2,Case 2,1. ADH is not active → suggestive of primary polydipsia or low solute intake,True,"Antidiuretic hormone (ADH), also known as vasopressin, is a hormone that plays a crucial role in maintaining the body's water balance. It does this by controlling the amount of water reabsorbed by the kidneys' nephrons. When ADH is active, it increases the permeability of the kidney's collecting ducts, allowing more water to be reabsorbed back into the bloodstream and thus reducing the volume of urine produced. This makes the urine more concentrated, which increases its osmolality.

Conversely, when ADH is not active or its levels are low, less water is reabsorbed by the kidneys. This leads to a larger volume of more dilute urine, which decreases its osmolality. Therefore, low urine osmolality suggests that ADH is not active, as less water is being reabsorbed and more is being excreted in the urine, resulting in a more dilute urine."
2025-06-19 21:54:19.964219,Step 3,Case 3,1. Hypovolemia → low urine Na due to RAAS activation,True,"Hypovolemia refers to a decrease in the volume of blood in the body, which can be due to various reasons such as severe dehydration, excessive sweating, or blood loss. The signs and symptoms included in this presentation - orthostatic hypotension, dry mucous membranes, and a low urine sodium level - all point towards hypovolemia.

1. Orthostatic hypotension is a form of low blood pressure that occurs when you stand up from sitting or lying down. This can be a sign of hypovolemia as the body isn't able to adequately return blood to the heart when changing positions due to low blood volume.

2. Dry mucous membranes (like dry mouth or throat) can be a sign of dehydration, which is a common cause of hypovolemia. The body may be trying to conserve fluid due to inadequate intake or excessive loss.

3. A low urine sodium level (<20 mEq/L) can indicate that the kidneys are conserving sodium in response to perceived low blood volume. In states of hypovolemia, the body activates the renin-angiotensin-aldosterone system (RAAS), leading to reabsorption of sodium (and therefore water) in the kidneys to increase blood volume. The urine sodium level of 10 in this case supports this.

These are all indications that the body is trying to conserve or replenish fluid volume, supporting the diagnosis of hypovolemia."
2025-06-20 08:03:27.455810,Step 1,Case 1,3. Hypotonic hyponatremia,True,"Hyponatremia is defined as a sodium level less than 136. In this case, the sodium level is 120, which is less than 136, so it is classified as hyponatremia. The osmolality of 260 is also lower than the normal range of 275–290 mOsmol/Kg, indicating a low concentration of solutes in the blood. This means there is more water relative to solutes, which is why it is classified as hypotonic. Hypotonic hyponatremia is the most common type of hyponatremia and is usually due to an excess of water rather than a deficiency of sodium."
2025-06-20 08:06:03.677653,Step 2,Case 2,1. ADH is not active → suggestive of primary polydipsia or low solute intake,True,"The text does not provide a direct answer to this question. However, it does mention that urine osmolality (Uosm) is expected to decrease in response to hyponatremia. If hypotonic hyponatremia coexists with low Uosm (<100), this can be explained by overwhelming excretion of dilute urine or low dietary solute intake. Therefore, a Uosm of 80 could indicate that ADH (antidiuretic hormone), which typically promotes water reabsorption in the kidneys and thus increases urine osmolality, is not active."
2025-06-20 08:06:31.528429,Step 3,Case 3,1. Hypovolemia → low urine Na due to RAAS activation,True,"Low urine sodium (<30 mmol/L) and orthostatic symptoms can suggest hypovolemia because they are both indicative of the body's response to decreased blood volume. When the body senses a decrease in blood volume, it triggers the release of anti-diuretic hormone (ADH) and activates the renin-angiotensin-aldosterone system. These responses lead to increased water and sodium reabsorption in the kidneys, which results in low urine sodium. Orthostatic symptoms, such as dizziness or lightheadedness when standing, occur because the reduced blood volume leads to a drop in blood pressure, especially upon standing."
2025-06-20 08:06:40.744386,Step 3,Case 3,1. Hypovolemia → low urine Na due to RAAS activation,True,"Low urine sodium (<30) and orthostatic symptoms suggest hypovolemia because when the body is in a state of low blood volume (hypovolemia), it triggers a response to conserve sodium and water to restore volume. This is done through the activation of the renin-angiotensin-aldosterone system which leads to increased sodium reabsorption in the kidneys, resulting in low urine sodium. Orthostatic symptoms such as dizziness or lightheadedness when standing up can occur due to reduced blood volume and inadequate blood flow to the brain. These symptoms are common in hypovolemia."
